{"train/loss": 0.6931, "train/grad_norm": 0.0, "train/learning_rate": 1.0000000000000002e-06, "train/rewards/chosen": 0.0, "train/rewards/rejected": 0.0, "train/rewards/accuracies": 0.0, "train/rewards/margins": 0.0, "train/logps/rejected": -48.32503128051758, "train/logps/chosen": -95.50100708007812, "train/logits/rejected": -1.1768790483474731, "train/logits/chosen": -1.3050193786621094, "train/epoch": 0.00011693171188026193, "train/global_step": 1, "_timestamp": 1714148714.804869, "_runtime": 12.966868877410889, "_step": 0}