{"train/loss": 0.6931, "train/grad_norm": 0.0, "train/learning_rate": 4.000000000000001e-06, "train/rewards/chosen": 0.0, "train/rewards/rejected": 0.0, "train/rewards/accuracies": 0.0, "train/rewards/margins": 0.0, "train/logps/rejected": -110.5713882446289, "train/logps/chosen": -70.15943908691406, "train/logits/rejected": -0.9621511101722717, "train/logits/chosen": -1.0302300453186035, "train/epoch": 2.4875621890547263e-05, "train/global_step": 4, "_timestamp": 1714145077.445806, "_runtime": 26511.607763051987, "_step": 6, "eval/loss": 0.6931473016738892, "eval/runtime": 8810.5237, "eval/samples_per_second": 0.971, "eval/steps_per_second": 0.971, "eval/rewards/chosen": 0.0, "eval/rewards/rejected": 0.0, "eval/rewards/accuracies": 0.0, "eval/rewards/margins": 0.0, "eval/logps/rejected": -130.70538330078125, "eval/logps/chosen": -132.48699951171875, "eval/logits/rejected": -1.4233418703079224, "eval/logits/chosen": -1.4121943712234497}