{"train/loss": 0.8169, "train/grad_norm": 0.0, "train/learning_rate": 1.0000000000000002e-06, "train/rewards/chosen": -0.4992843568325043, "train/rewards/rejected": -0.26549339294433594, "train/rewards/accuracies": 0.0, "train/rewards/margins": -0.23379096388816833, "train/logps/rejected": -62.7408561706543, "train/logps/chosen": -114.07146453857422, "train/logits/rejected": -2.761371612548828, "train/logits/chosen": -2.779127836227417, "train/epoch": 0.00011693171188026193, "train/global_step": 1, "_timestamp": 1714129217.1069689, "_runtime": 10.26102089881897, "_step": 0}